{
    "loss": 0.22312885522842407,
    "accuracy": 0.9482758641242981
}