{
    "loss": 0.1440364420413971,
    "accuracy": 0.9741379022598267
}