{
    "loss": 0.28509804606437683,
    "accuracy": 0.9051724076271057
}